,seasons(0),seasons(1),seasons(2),seasons(3)
temperature(0),0.5340659340659341,0.6347826086956522,0.0,0.4227005870841487
temperature(1),0.0,0.0,0.5217391304347826,0.0
temperature(2),0.0,0.0,0.0,0.5772994129158513
temperature(3),0.46593406593406594,0.3652173913043478,0.4782608695652174,0.0
