rain,rain(0),rain(0),rain(1),rain(1)
sunlight,sunlight(0),sunlight(1),sunlight(0),sunlight(1)
mood(0 very bad),0.2,0.180235822571589,0.7142857142857143,0.2
mood(1 bad),0.2,0.16900617630544637,0.22857142857142856,0.2
mood(2 okish),0.2,0.10218978102189781,0.009523809523809525,0.2
mood(3 good),0.2,0.3189219539584503,0.0380952380952381,0.2
mood(4 very good),0.2,0.22964626614261652,0.009523809523809525,0.2
