seasons,seasons(Autumn),seasons(Spring),seasons(Summer),seasons(Winter)
temperature(cold),0.5340659340659341,0.6347826086956522,0.0,0.4227005870841487
temperature(hot),0.0,0.0,0.5217391304347826,0.0
temperature(very cold),0.0,0.0,0.0,0.5772994129158513
temperature(warm),0.46593406593406594,0.3652173913043478,0.4782608695652174,0.0
