rain,rain(0),rain(0),rain(1),rain(1)
sunlight,sunlight(0),sunlight(1),sunlight(0),sunlight(1)
mood(0 very bad),0.2,0.19539584503088153,0.6666666666666666,0.2
mood(1 bad),0.2,0.15721504772599662,0.2571428571428571,0.2
mood(2 okish),0.2,0.11229646266142616,0.01904761904761905,0.2
mood(3 good),0.2,0.30656934306569344,0.047619047619047616,0.2
mood(4 very good),0.2,0.22852330151600225,0.009523809523809525,0.2
