seasons,seasons(Autumn),seasons(Spring),seasons(Summer),seasons(Winter)
temperature(cold),0.5252747252747253,0.6413043478260869,0.0,0.45792563600782776
temperature(hot),0.0,0.0,0.4782608695652174,0.0
temperature(very cold),0.0,0.0,0.0,0.5420743639921722
temperature(warm),0.4747252747252747,0.358695652173913,0.5217391304347826,0.0
