,seasons(0),seasons(1),seasons(2),seasons(3)
temperature(0),0.5252747252747253,0.6413043478260869,0.0,0.45792563600782776
temperature(1),0.0,0.0,0.4782608695652174,0.0
temperature(2),0.0,0.0,0.0,0.5420743639921722
temperature(3),0.4747252747252747,0.358695652173913,0.5217391304347826,0.0
